ID,First Name,Last Name,Email
1,Rick,Rich,powellrandy@nguyen-diaz.com
2,Kimberly,Brown,mhall@yahoo.com
3,Melissa,Carroll,douglasjohn@bryant.com
4,Elizabeth,Davis,smithalex@jackson.com
5,Brian,Hall,marklee@nash-solomon.org
6,Jack,Coleman,dana85@yahoo.com
7,Kristin,Mitchell,walterjennifer@gmail.com
8,Brandon,Stafford,amanda24@hotmail.com
9,Ralph,Becker,jamesmathews@smith-fry.org
10,Carrie,Khan,cindy28@watson.com
11,Dalton,Phillips,sara35@gmail.com
12,Sean,Meyer,geoffrey65@gmail.com
13,Kendra,Davis,nicole09@yahoo.com
14,Katie,Gutierrez,yeseniahouse@gonzalez.com
15,Allen,Hinton,eddierobbins@carter.org
16,Kevin,Hill,joshua84@terrell-flores.com
17,Jason,Young,nmaxwell@morgan.info
18,Cathy,Stanley,steven96@scott-meyer.com
19,Tyler,Higgins,solisdanielle@hotmail.com
20,Lorraine,Howard,maria89@goodwin-whitehead.net
21,Samuel,Peterson,zachary79@hodges-anderson.com
22,Rodney,Golden,ronnieboone@smith.com
23,Janice,Howe,omitchell@bishop-smith.com
24,Patricia,Bowers,castilloterry@gmail.com
25,Michele,Weiss,jordanapril@hotmail.com
26,Rachel,Jennings,jamesgraves@smith-miller.biz
27,Edward,Hawkins,daniel02@miranda-ballard.com
28,Amber,Watkins,susan50@yahoo.com
29,Jessica,Smith,stephaniegarcia@brown-haas.biz
30,Jonathon,Watson,ricardo54@gmail.com
31,Travis,Rice,christybooth@oliver.com
32,Melissa,Lee,georgewood@yahoo.com
33,Sean,Jones,mkhan@aguilar.com
34,Jeremy,Spears,spencetodd@carlson.biz
35,Ryan,Boyd,heididyer@gmail.com
36,Vanessa,Rodriguez,popefrancisco@zimmerman.com
37,Jared,Lewis,jason54@hooper.biz
38,Stephen,Williams,shanemelton@whitney.net
39,Jessica,Day,ksimmons@davis.net
40,Margaret,Moore,hollowaylori@campbell-horn.net
41,Kayla,Castillo,jamescarroll@yahoo.com
42,Brittany,Neal,lucasrebecca@gmail.com
43,Thomas,Thompson,johnsonsteven@brandt.org
44,Andrew,Garcia,brownvalerie@gmail.com
45,Joshua,Oconnell,christopher54@yahoo.com
46,Katie,Brown,mquinn@valenzuela.com
47,John,Valenzuela,kimberly71@gmail.com
48,Laura,Townsend,rfarmer@griffin.org
49,Christopher,Hall,jennifer88@gmail.com
50,Jessica,Gonzales,qfrey@hensley.org
51,Patrick,Burgess,bparker@reed.info
52,Larry,Stewart,travisparker@gutierrez.com
53,Emily,Robertson,annesmith@tucker.biz
54,Scott,Hernandez,fbrooks@gmail.com
55,Randy,Livingston,anthony68@gmail.com
56,Danielle,Barber,joshua90@morgan-edwards.com
57,Mike,Cohen,kellygomez@james.org
58,Paul,Smith,bmiller@page-davis.info
59,Pamela,Clark,trevorvaughn@gmail.com
